Review,Sentimiento
"Great product, tastes great, nice and smooth, but I think I spilled some and slipped cleaning it up. I woke up in my neighbors toy hauler covered in Vaseline and don‚Äôt remember a thing?????",Positivo
Probably the best price around for this American classic. If you don‚Äôt have Jack Daniels in your home bar then your home bar is not complete.,Positivo
Delivery professional and on time.,Positivo
Great sour mash. Good on a budget too.,Positivo
"It is very good, but I think I like the honey one more.",Positivo
It‚Äôs jack ü§∑üèº‚Äç‚ôÄÔ∏è What can I say,Neutral
You know what it is. You will love it or hate it. Or hate yourself the next morning. Got it for a great price during the holidays.,Negativo
What's there to say except I got my JD delivered and didn't have to put on clothes to go out and get it!,Neutral
"Gostei bastante do produto que ja virou minha op√ß√£o principal de whisky, gosto bastante das notas de canela e por que n√£o √© t√£o forte, n√£o tem aquele cheiro de alcool que queima o nariz. √â um burbon de excelente qualidade e voltarei a comprar novamente.",Neutral
Whisky americano que no est√° al nivel de los de Escocia pero por el precio la calidad que ofrece es muy buena y se puede combinar de varias formas lo volver√© a comprar sin dudarlo.,Neutral
kamm super an,Positivo
"O Jack √© o ""bacon"" dos whiskeys! Jack √© vida!!! #Jac√≥Forever",Neutral
C√°mara morros ya se la saben!! El pomo Jack Daniel's te va a poner bien persa!! Pero siendo original no temas a qu√© te vayas a desconectar y menos quedarte ciego. Pues comprenlo perros y p√≥nganse hasta tras!! Ah!! No le pegues a la banda si!!!,Positivo
"Great product, tastes great, nice and smooth, but I think I spilled some and slipped cleaning it up. I woke up in my neighbors toy hauler covered in Vaseline and don‚Äôt remember a thing?????",Positivo
Probably the best price around for this American classic. If you don‚Äôt have Jack Daniels in your home bar then your home bar is not complete.,Positivo
Delivery professional and on time.,Positivo
Great sour mash. Good on a budget too.,Positivo
"It is very good, but I think I like the honey one more.",Positivo
It‚Äôs jack ü§∑üèº‚Äç‚ôÄÔ∏è What can I say,Neutral
You know what it is. You will love it or hate it. Or hate yourself the next morning. Got it for a great price during the holidays.,Negativo
What's there to say except I got my JD delivered and didn't have to put on clothes to go out and get it!,Neutral
I love JD!,Positivo
Thank you..,Neutral
